,Country,year,CPI
1,Denmark,2021,88
2,Denmark,2020,88
3,Denmark,2019,87
4,Denmark,2018,88
5,Denmark,2017,88
6,Denmark,2016,90
7,Denmark,2015,91
8,Denmark,2014,92
9,Denmark,2013,91
10,Denmark,2012,90
11,New Zealand,2021,88
12,New Zealand,2020,88
13,New Zealand,2019,87
14,New Zealand,2018,87
15,New Zealand,2017,89
16,New Zealand,2016,90
17,New Zealand,2015,91
18,New Zealand,2014,91
19,New Zealand,2013,91
20,New Zealand,2012,90
21,Finland,2021,88
22,Finland,2020,85
23,Finland,2019,86
24,Finland,2018,85
25,Finland,2017,85
26,Finland,2016,89
27,Finland,2015,90
28,Finland,2014,89
29,Finland,2013,89
30,Finland,2012,90
31,Singapore,2021,85
32,Singapore,2020,85
33,Singapore,2019,85
34,Singapore,2018,85
35,Singapore,2017,84
36,Singapore,2016,84
37,Singapore,2015,85
38,Singapore,2014,84
39,Singapore,2013,86
40,Singapore,2012,87
41,Sweden,2021,85
42,Sweden,2020,85
43,Sweden,2019,85
44,Sweden,2018,85
45,Sweden,2017,84
46,Sweden,2016,88
47,Sweden,2015,89
48,Sweden,2014,87
49,Sweden,2013,89
50,Sweden,2012,88
51,Switzerland,2021,84
52,Switzerland,2020,85
53,Switzerland,2019,85
54,Switzerland,2018,85
55,Switzerland,2017,85
56,Switzerland,2016,86
57,Switzerland,2015,86
58,Switzerland,2014,86
59,Switzerland,2013,85
60,Switzerland,2012,86
61,Norway,2021,85
62,Norway,2020,84
63,Norway,2019,84
64,Norway,2018,84
65,Norway,2017,85
66,Norway,2016,85
67,Norway,2015,87
68,Norway,2014,86
69,Norway,2013,86
70,Norway,2012,85
71,Netherlands,2021,82
72,Netherlands,2020,82
73,Netherlands,2019,82
74,Netherlands,2018,82
75,Netherlands,2017,82
76,Netherlands,2016,83
77,Netherlands,2015,87
78,Netherlands,2014,83
79,Netherlands,2013,83
80,Netherlands,2012,84
81,Germany,2021,80
82,Germany,2020,80
83,Germany,2019,80
84,Germany,2018,80
85,Germany,2017,81
86,Germany,2016,81
87,Germany,2015,81
88,Germany,2014,79
89,Germany,2013,78
90,Germany,2012,79
91,Luxembourg,2021,81
92,Luxembourg,2020,80
93,Luxembourg,2019,80
94,Luxembourg,2018,81
95,Luxembourg,2017,82
96,Luxembourg,2016,81
97,Luxembourg,2015,81
98,Luxembourg,2014,82
99,Luxembourg,2013,80
100,Luxembourg,2012,80
101,Australia,2021,73
102,Australia,2020,77
103,Australia,2019,77
104,Australia,2018,77
105,Australia,2017,77
106,Australia,2016,79
107,Australia,2015,79
108,Australia,2014,80
109,Australia,2013,81
110,Australia,2012,85
111,Canada,2021,74
112,Canada,2020,77
113,Canada,2019,77
114,Canada,2018,81
115,Canada,2017,82
116,Canada,2016,82
117,Canada,2015,83
118,Canada,2014,81
119,Canada,2013,81
120,Canada,2012,84
121,Hong Kong,2021,76
122,Hong Kong,2020,77
123,Hong Kong,2019,76
124,Hong Kong,2018,76
125,Hong Kong,2017,77
126,Hong Kong,2016,77
127,Hong Kong,2015,75
128,Hong Kong,2014,74
129,Hong Kong,2013,75
130,Hong Kong,2012,77
131,United Kingdom,2021,78
132,United Kingdom,2020,77
133,United Kingdom,2019,77
134,United Kingdom,2018,80
135,United Kingdom,2017,82
136,United Kingdom,2016,81
137,United Kingdom,2015,81
138,United Kingdom,2014,78
139,United Kingdom,2013,76
140,United Kingdom,2012,74
141,Austria,2021,74
142,Austria,2020,76
143,Austria,2019,77
144,Austria,2018,76
145,Austria,2017,75
146,Austria,2016,75
147,Austria,2015,76
148,Austria,2014,72
149,Austria,2013,69
150,Austria,2012,69
151,Belgium,2021,73
152,Belgium,2020,76
153,Belgium,2019,75
154,Belgium,2018,75
155,Belgium,2017,75
156,Belgium,2016,77
157,Belgium,2015,77
158,Belgium,2014,76
159,Belgium,2013,75
160,Belgium,2012,75
161,Estonia,2021,74
162,Estonia,2020,75
163,Estonia,2019,74
164,Estonia,2018,73
165,Estonia,2017,71
166,Estonia,2016,70
167,Estonia,2015,70
168,Estonia,2014,69
169,Estonia,2013,68
170,Estonia,2012,64
171,Iceland,2021,74
172,Iceland,2020,75
173,Iceland,2019,78
174,Iceland,2018,76
175,Iceland,2017,77
176,Iceland,2016,78
177,Iceland,2015,79
178,Iceland,2014,79
179,Iceland,2013,78
180,Iceland,2012,82
181,Japan,2021,73
182,Japan,2020,74
183,Japan,2019,73
184,Japan,2018,73
185,Japan,2017,73
186,Japan,2016,72
187,Japan,2015,75
188,Japan,2014,76
189,Japan,2013,74
190,Japan,2012,74
191,Ireland,2021,74
192,Ireland,2020,72
193,Ireland,2019,74
194,Ireland,2018,73
195,Ireland,2017,74
196,Ireland,2016,73
197,Ireland,2015,75
198,Ireland,2014,74
199,Ireland,2013,72
200,Ireland,2012,69
201,United Arab Emirates,2021,69
202,United Arab Emirates,2020,71
203,United Arab Emirates,2019,71
204,United Arab Emirates,2018,70
205,United Arab Emirates,2017,71
206,United Arab Emirates,2016,66
207,United Arab Emirates,2015,70
208,United Arab Emirates,2014,70
209,United Arab Emirates,2013,69
210,United Arab Emirates,2012,68
211,Uruguay,2021,73
212,Uruguay,2020,71
213,Uruguay,2019,71
214,Uruguay,2018,70
215,Uruguay,2017,70
216,Uruguay,2016,71
217,Uruguay,2015,74
218,Uruguay,2014,73
219,Uruguay,2013,73
220,Uruguay,2012,72
221,France,2021,71
222,France,2020,69
223,France,2019,69
224,France,2018,72
225,France,2017,70
226,France,2016,69
227,France,2015,70
228,France,2014,69
229,France,2013,71
230,France,2012,71
231,Bhutan,2021,68
232,Bhutan,2020,68
233,Bhutan,2019,68
234,Bhutan,2018,68
235,Bhutan,2017,67
236,Bhutan,2016,65
237,Bhutan,2015,65
238,Bhutan,2014,65
239,Bhutan,2013,63
240,Bhutan,2012,63
241,Chile,2021,67
242,Chile,2020,67
243,Chile,2019,67
244,Chile,2018,67
245,Chile,2017,67
246,Chile,2016,66
247,Chile,2015,70
248,Chile,2014,73
249,Chile,2013,71
250,Chile,2012,72
251,United States,2021,67
252,United States,2020,67
253,United States,2019,69
254,United States,2018,71
255,United States,2017,75
256,United States,2016,74
257,United States,2015,76
258,United States,2014,74
259,United States,2013,73
260,United States,2012,73
261,Seychelles,2021,70
262,Seychelles,2020,66
263,Seychelles,2019,66
264,Seychelles,2018,66
265,Seychelles,2017,60
266,Seychelles,2016,60
267,Seychelles,2015,55
268,Seychelles,2014,55
269,Seychelles,2013,54
270,Seychelles,2012,52
271,Taiwan,2021,68
272,Taiwan,2020,65
273,Taiwan,2019,65
274,Taiwan,2018,63
275,Taiwan,2017,63
276,Taiwan,2016,61
277,Taiwan,2015,62
278,Taiwan,2014,61
279,Taiwan,2013,61
280,Taiwan,2012,61
281,Barbados,2021,65
282,Barbados,2020,64
283,Barbados,2019,62
284,Barbados,2018,68
285,Barbados,2017,68
286,Barbados,2016,61
287,Barbados,2015,68
288,Barbados,2014,74
289,Barbados,2013,75
290,Barbados,2012,76
291,Bahamas,2021,64
292,Bahamas,2020,63
293,Bahamas,2019,64
294,Bahamas,2018,65
295,Bahamas,2017,65
296,Bahamas,2016,66
297,Bahamas,2015,67
298,Bahamas,2014,71
299,Bahamas,2013,71
300,Bahamas,2012,71
301,Qatar,2021,63
302,Qatar,2020,63
303,Qatar,2019,62
304,Qatar,2018,62
305,Qatar,2017,63
306,Qatar,2016,61
307,Qatar,2015,71
308,Qatar,2014,69
309,Qatar,2013,68
310,Qatar,2012,68
311,South Korea,2021,62
312,South Korea,2020,61
313,South Korea,2019,59
314,South Korea,2018,57
315,South Korea,2017,54
316,South Korea,2016,53
317,South Korea,2015,56
318,South Korea,2014,55
319,South Korea,2013,55
320,South Korea,2012,56
321,Portugal,2021,62
322,Portugal,2020,61
323,Portugal,2019,62
324,Portugal,2018,64
325,Portugal,2017,63
326,Portugal,2016,62
327,Portugal,2015,63
328,Portugal,2014,63
329,Portugal,2013,62
330,Portugal,2012,63
331,Lithuania,2021,61
332,Lithuania,2020,60
333,Lithuania,2019,60
334,Lithuania,2018,59
335,Lithuania,2017,59
336,Lithuania,2016,59
337,Lithuania,2015,61
338,Lithuania,2014,58
339,Lithuania,2013,57
340,Lithuania,2012,54
341,Spain,2021,61
342,Spain,2020,62
343,Spain,2019,62
344,Spain,2018,58
345,Spain,2017,57
346,Spain,2016,58
347,Spain,2015,58
348,Spain,2014,60
349,Spain,2013,59
350,Spain,2012,65
351,Botswana,2021,55
352,Botswana,2020,60
353,Botswana,2019,61
354,Botswana,2018,61
355,Botswana,2017,61
356,Botswana,2016,60
357,Botswana,2015,63
358,Botswana,2014,63
359,Botswana,2013,64
360,Botswana,2012,65
361,Brunei,2021,60
362,Brunei,2020,60
363,Brunei,2019,60
364,Brunei,2018,63
365,Brunei,2017,62
366,Brunei,2016,58
367,Brunei,2015,60
368,Brunei,2014,60
369,Brunei,2013,60
370,Brunei,2012,55
371,Israel,2021,59
372,Israel,2020,60
373,Israel,2019,60
374,Israel,2018,61
375,Israel,2017,62
376,Israel,2016,64
377,Israel,2015,61
378,Israel,2014,60
379,Israel,2013,61
380,Israel,2012,60
381,Slovenia,2021,57
382,Slovenia,2020,60
383,Slovenia,2019,60
384,Slovenia,2018,60
385,Slovenia,2017,61
386,Slovenia,2016,61
387,Slovenia,2015,60
388,Slovenia,2014,58
389,Slovenia,2013,57
390,Slovenia,2012,61
391,Saint Vincent and the Grenadines,2021,59
392,Saint Vincent and the Grenadines,2020,59
393,Saint Vincent and the Grenadines,2019,59
394,Saint Vincent and the Grenadines,2018,58
395,Saint Vincent and the Grenadines,2017,58
396,Saint Vincent and the Grenadines,2016,60
397,Saint Vincent and the Grenadines,2015,60
398,Saint Vincent and the Grenadines,2014,67
399,Saint Vincent and the Grenadines,2013,62
400,Saint Vincent and the Grenadines,2012,62
401,Cape Verde,2021,58
402,Cape Verde,2020,58
403,Cape Verde,2019,58
404,Cape Verde,2018,57
405,Cape Verde,2017,55
406,Cape Verde,2016,59
407,Cape Verde,2015,55
408,Cape Verde,2014,57
409,Cape Verde,2013,58
410,Cape Verde,2012,60
411,Costa Rica,2021,58
412,Costa Rica,2020,57
413,Costa Rica,2019,56
414,Costa Rica,2018,56
415,Costa Rica,2017,59
416,Costa Rica,2016,58
417,Costa Rica,2015,55
418,Costa Rica,2014,54
419,Costa Rica,2013,53
420,Costa Rica,2012,54
421,Cyprus,2021,53
422,Cyprus,2020,57
423,Cyprus,2019,58
424,Cyprus,2018,59
425,Cyprus,2017,57
426,Cyprus,2016,55
427,Cyprus,2015,61
428,Cyprus,2014,63
429,Cyprus,2013,63
430,Cyprus,2012,66
431,Latvia,2021,59
432,Latvia,2020,57
433,Latvia,2019,56
434,Latvia,2018,58
435,Latvia,2017,58
436,Latvia,2016,57
437,Latvia,2015,55
438,Latvia,2014,55
439,Latvia,2013,53
440,Latvia,2012,49
441,Georgia,2021,55
442,Georgia,2020,56
443,Georgia,2019,56
444,Georgia,2018,58
445,Georgia,2017,56
446,Georgia,2016,57
447,Georgia,2015,52
448,Georgia,2014,52
449,Georgia,2013,49
450,Georgia,2012,52
451,Poland,2021,56
452,Poland,2020,56
453,Poland,2019,58
454,Poland,2018,60
455,Poland,2017,60
456,Poland,2016,62
457,Poland,2015,62
458,Poland,2014,61
459,Poland,2013,60
460,Poland,2012,58
461,Saint Lucia,2021,56
462,Saint Lucia,2020,56
463,Saint Lucia,2019,55
464,Saint Lucia,2018,55
465,Saint Lucia,2017,55
466,Saint Lucia,2016,60
467,Saint Lucia,2015,60
468,Saint Lucia,2014,60
469,Saint Lucia,2013,71
470,Saint Lucia,2012,71
471,Dominica,2021,55
472,Dominica,2020,55
473,Dominica,2019,55
474,Dominica,2018,57
475,Dominica,2017,57
476,Dominica,2016,59
477,Dominica,2015,57
478,Dominica,2014,58
479,Dominica,2013,58
480,Dominica,2012,58
481,Czech Republic,2021,54
482,Czech Republic,2020,54
483,Czech Republic,2019,56
484,Czech Republic,2018,59
485,Czech Republic,2017,57
486,Czech Republic,2016,55
487,Czech Republic,2015,56
488,Czech Republic,2014,51
489,Czech Republic,2013,48
490,Czech Republic,2012,49
491,Oman,2021,52
492,Oman,2020,54
493,Oman,2019,52
494,Oman,2018,52
495,Oman,2017,44
496,Oman,2016,45
497,Oman,2015,45
498,Oman,2014,45
499,Oman,2013,47
500,Oman,2012,47
501,Rwanda,2021,53
502,Rwanda,2020,54
503,Rwanda,2019,53
504,Rwanda,2018,56
505,Rwanda,2017,55
506,Rwanda,2016,54
507,Rwanda,2015,54
508,Rwanda,2014,49
509,Rwanda,2013,53
510,Rwanda,2012,53
511,Grenada,2021,53
512,Grenada,2020,53
513,Grenada,2019,53
514,Grenada,2018,52
515,Grenada,2017,52
516,Grenada,2016,56
517,Grenada,2015,53
518,Grenada,2014,53
519,Grenada,2013,53
520,Grenada,2012,53
521,Italy,2021,56
522,Italy,2020,53
523,Italy,2019,53
524,Italy,2018,52
525,Italy,2017,50
526,Italy,2016,47
527,Italy,2015,44
528,Italy,2014,43
529,Italy,2013,43
530,Italy,2012,42
531,Malta,2021,54
532,Malta,2020,53
533,Malta,2019,54
534,Malta,2018,54
535,Malta,2017,56
536,Malta,2016,55
537,Malta,2015,56
538,Malta,2014,55
539,Malta,2013,56
540,Malta,2012,57
541,Mauritius,2021,54
542,Mauritius,2020,53
543,Mauritius,2019,52
544,Mauritius,2018,51
545,Mauritius,2017,50
546,Mauritius,2016,54
547,Mauritius,2015,53
548,Mauritius,2014,54
549,Mauritius,2013,52
550,Mauritius,2012,57
551,Saudi Arabia,2021,53
552,Saudi Arabia,2020,53
553,Saudi Arabia,2019,53
554,Saudi Arabia,2018,49
555,Saudi Arabia,2017,49
556,Saudi Arabia,2016,46
557,Saudi Arabia,2015,52
558,Saudi Arabia,2014,49
559,Saudi Arabia,2013,46
560,Saudi Arabia,2012,44
561,Malaysia,2021,48
562,Malaysia,2020,51
563,Malaysia,2019,53
564,Malaysia,2018,47
565,Malaysia,2017,47
566,Malaysia,2016,49
567,Malaysia,2015,50
568,Malaysia,2014,52
569,Malaysia,2013,50
570,Malaysia,2012,49
571,Namibia,2021,49
572,Namibia,2020,51
573,Namibia,2019,52
574,Namibia,2018,53
575,Namibia,2017,51
576,Namibia,2016,52
577,Namibia,2015,53
578,Namibia,2014,49
579,Namibia,2013,48
580,Namibia,2012,48
581,Greece,2021,49
582,Greece,2020,50
583,Greece,2019,48
584,Greece,2018,45
585,Greece,2017,48
586,Greece,2016,44
587,Greece,2015,46
588,Greece,2014,43
589,Greece,2013,40
590,Greece,2012,36
591,Armenia,2021,49
592,Armenia,2020,49
593,Armenia,2019,42
594,Armenia,2018,35
595,Armenia,2017,35
596,Armenia,2016,33
597,Armenia,2015,35
598,Armenia,2014,37
599,Armenia,2013,36
600,Armenia,2012,34
601,Jordan,2021,49
602,Jordan,2020,49
603,Jordan,2019,48
604,Jordan,2018,49
605,Jordan,2017,48
606,Jordan,2016,48
607,Jordan,2015,53
608,Jordan,2014,49
609,Jordan,2013,45
610,Jordan,2012,48
611,Slovakia,2021,52
612,Slovakia,2020,49
613,Slovakia,2019,50
614,Slovakia,2018,50
615,Slovakia,2017,50
616,Slovakia,2016,51
617,Slovakia,2015,51
618,Slovakia,2014,50
619,Slovakia,2013,47
620,Slovakia,2012,46
621,Belarus,2021,41
622,Belarus,2020,47
623,Belarus,2019,45
624,Belarus,2018,44
625,Belarus,2017,44
626,Belarus,2016,40
627,Belarus,2015,32
628,Belarus,2014,31
629,Belarus,2013,29
630,Belarus,2012,31
631,Croatia,2021,47
632,Croatia,2020,47
633,Croatia,2019,47
634,Croatia,2018,48
635,Croatia,2017,49
636,Croatia,2016,49
637,Croatia,2015,51
638,Croatia,2014,48
639,Croatia,2013,48
640,Croatia,2012,46
641,Cuba,2021,46
642,Cuba,2020,47
643,Cuba,2019,48
644,Cuba,2018,47
645,Cuba,2017,47
646,Cuba,2016,47
647,Cuba,2015,47
648,Cuba,2014,46
649,Cuba,2013,46
650,Cuba,2012,48
651,SÃ£o TomÃ© and PrÃ­ncipe,2021,45
652,SÃ£o TomÃ© and PrÃ­ncipe,2020,47
653,SÃ£o TomÃ© and PrÃ­ncipe,2019,46
654,SÃ£o TomÃ© and PrÃ­ncipe,2018,46
655,SÃ£o TomÃ© and PrÃ­ncipe,2017,46
656,SÃ£o TomÃ© and PrÃ­ncipe,2016,46
657,SÃ£o TomÃ© and PrÃ­ncipe,2015,42
658,SÃ£o TomÃ© and PrÃ­ncipe,2014,42
659,SÃ£o TomÃ© and PrÃ­ncipe,2013,42
660,SÃ£o TomÃ© and PrÃ­ncipe,2012,42
661,Montenegro,2021,46
662,Montenegro,2020,45
663,Montenegro,2019,45
664,Montenegro,2018,45
665,Montenegro,2017,46
666,Montenegro,2016,45
667,Montenegro,2015,44
668,Montenegro,2014,42
669,Montenegro,2013,44
670,Montenegro,2012,41
671,Senegal,2021,43
672,Senegal,2020,45
673,Senegal,2019,45
674,Senegal,2018,45
675,Senegal,2017,45
676,Senegal,2016,45
677,Senegal,2015,44
678,Senegal,2014,43
679,Senegal,2013,41
680,Senegal,2012,36
681,Bulgaria,2021,42
682,Bulgaria,2020,44
683,Bulgaria,2019,43
684,Bulgaria,2018,42
685,Bulgaria,2017,43
686,Bulgaria,2016,41
687,Bulgaria,2015,41
688,Bulgaria,2014,43
689,Bulgaria,2013,41
690,Bulgaria,2012,41
691,Hungary,2021,43
692,Hungary,2020,44
693,Hungary,2019,44
694,Hungary,2018,46
695,Hungary,2017,45
696,Hungary,2016,48
697,Hungary,2015,51
698,Hungary,2014,54
699,Hungary,2013,54
700,Hungary,2012,55
701,Jamaica,2021,44
702,Jamaica,2020,44
703,Jamaica,2019,43
704,Jamaica,2018,44
705,Jamaica,2017,44
706,Jamaica,2016,39
707,Jamaica,2015,41
708,Jamaica,2014,38
709,Jamaica,2013,38
710,Jamaica,2012,38
711,Romania,2021,45
712,Romania,2020,44
713,Romania,2019,44
714,Romania,2018,47
715,Romania,2017,48
716,Romania,2016,48
717,Romania,2015,46
718,Romania,2014,43
719,Romania,2013,43
720,Romania,2012,44
721,South Africa,2021,44
722,South Africa,2020,44
723,South Africa,2019,44
724,South Africa,2018,43
725,South Africa,2017,43
726,South Africa,2016,45
727,South Africa,2015,44
728,South Africa,2014,44
729,South Africa,2013,42
730,South Africa,2012,43
731,Tunisia,2021,44
732,Tunisia,2020,44
733,Tunisia,2019,43
734,Tunisia,2018,43
735,Tunisia,2017,42
736,Tunisia,2016,41
737,Tunisia,2015,38
738,Tunisia,2014,40
739,Tunisia,2013,41
740,Tunisia,2012,41
741,Ghana,2021,43
742,Ghana,2020,43
743,Ghana,2019,41
744,Ghana,2018,41
745,Ghana,2017,40
746,Ghana,2016,43
747,Ghana,2015,47
748,Ghana,2014,48
749,Ghana,2013,46
750,Ghana,2012,45
751,Maldives,2021,40
752,Maldives,2020,43
753,Maldives,2019,29
754,Maldives,2018,31
755,Maldives,2017,33
756,Maldives,2016,36
757,Maldives,2015,35
758,Maldives,2014,35
759,Maldives,2013,35
760,Maldives,2012,35
761,Vanuatu,2021,45
762,Vanuatu,2020,43
763,Vanuatu,2019,46
764,Vanuatu,2018,46
765,Vanuatu,2017,43
766,Vanuatu,2016,45
767,Vanuatu,2015,45
768,Vanuatu,2014,45
769,Vanuatu,2013,45
770,Vanuatu,2012,45
771,Argentina,2021,38
772,Argentina,2020,42
773,Argentina,2019,45
774,Argentina,2018,40
775,Argentina,2017,39
776,Argentina,2016,36
777,Argentina,2015,32
778,Argentina,2014,34
779,Argentina,2013,34
780,Argentina,2012,35
781,Bahrain,2021,42
782,Bahrain,2020,42
783,Bahrain,2019,42
784,Bahrain,2018,36
785,Bahrain,2017,36
786,Bahrain,2016,43
787,Bahrain,2015,51
788,Bahrain,2014,49
789,Bahrain,2013,48
790,Bahrain,2012,51
791,China,2021,45
792,China,2020,42
793,China,2019,41
794,China,2018,39
795,China,2017,41
796,China,2016,40
797,China,2015,37
798,China,2014,36
799,China,2013,40
800,China,2012,39
801,Kuwait,2021,43
802,Kuwait,2020,42
803,Kuwait,2019,40
804,Kuwait,2018,41
805,Kuwait,2017,39
806,Kuwait,2016,41
807,Kuwait,2015,49
808,Kuwait,2014,44
809,Kuwait,2013,43
810,Kuwait,2012,44
811,Solomon Islands,2021,43
812,Solomon Islands,2020,42
813,Solomon Islands,2019,42
814,Solomon Islands,2018,44
815,Solomon Islands,2017,39
816,Solomon Islands,2016,42
817,Solomon Islands,2015,42
818,Solomon Islands,2014,42
819,Solomon Islands,2013,42
820,Solomon Islands,2012,42
821,Benin,2021,42
822,Benin,2020,41
823,Benin,2019,41
824,Benin,2018,40
825,Benin,2017,39
826,Benin,2016,36
827,Benin,2015,37
828,Benin,2014,39
829,Benin,2013,36
830,Benin,2012,36
831,Guyana,2021,39
832,Guyana,2020,41
833,Guyana,2019,40
834,Guyana,2018,37
835,Guyana,2017,38
836,Guyana,2016,34
837,Guyana,2015,29
838,Guyana,2014,30
839,Guyana,2013,27
840,Guyana,2012,28
841,Lesotho,2021,38
842,Lesotho,2020,41
843,Lesotho,2019,40
844,Lesotho,2018,41
845,Lesotho,2017,42
846,Lesotho,2016,39
847,Lesotho,2015,44
848,Lesotho,2014,49
849,Lesotho,2013,49
850,Lesotho,2012,45
851,Burkina Faso,2021,42
852,Burkina Faso,2020,40
853,Burkina Faso,2019,40
854,Burkina Faso,2018,41
855,Burkina Faso,2017,42
856,Burkina Faso,2016,42
857,Burkina Faso,2015,38
858,Burkina Faso,2014,38
859,Burkina Faso,2013,38
860,Burkina Faso,2012,38
861,India,2021,40
862,India,2020,40
863,India,2019,41
864,India,2018,41
865,India,2017,40
866,India,2016,40
867,India,2015,38
868,India,2014,38
869,India,2013,36
870,India,2012,36
871,Morocco,2021,39
872,Morocco,2020,40
873,Morocco,2019,41
874,Morocco,2018,43
875,Morocco,2017,40
876,Morocco,2016,37
877,Morocco,2015,36
878,Morocco,2014,39
879,Morocco,2013,37
880,Morocco,2012,37
881,Timor-Leste,2021,41
882,Timor-Leste,2020,40
883,Timor-Leste,2019,38
884,Timor-Leste,2018,35
885,Timor-Leste,2017,38
886,Timor-Leste,2016,35
887,Timor-Leste,2015,28
888,Timor-Leste,2014,28
889,Timor-Leste,2013,30
890,Timor-Leste,2012,33
891,Trinidad and Tobago,2021,41
892,Trinidad and Tobago,2020,40
893,Trinidad and Tobago,2019,40
894,Trinidad and Tobago,2018,41
895,Trinidad and Tobago,2017,41
896,Trinidad and Tobago,2016,35
897,Trinidad and Tobago,2015,39
898,Trinidad and Tobago,2014,38
899,Trinidad and Tobago,2013,38
900,Trinidad and Tobago,2012,39
901,Turkey,2021,38
902,Turkey,2020,40
903,Turkey,2019,39
904,Turkey,2018,41
905,Turkey,2017,40
906,Turkey,2016,41
907,Turkey,2015,42
908,Turkey,2014,45
909,Turkey,2013,50
910,Turkey,2012,49
911,Colombia,2021,39
912,Colombia,2020,39
913,Colombia,2019,37
914,Colombia,2018,36
915,Colombia,2017,37
916,Colombia,2016,37
917,Colombia,2015,37
918,Colombia,2014,37
919,Colombia,2013,36
920,Colombia,2012,36
921,Ecuador,2021,36
922,Ecuador,2020,39
923,Ecuador,2019,38
924,Ecuador,2018,34
925,Ecuador,2017,32
926,Ecuador,2016,31
927,Ecuador,2015,32
928,Ecuador,2014,33
929,Ecuador,2013,35
930,Ecuador,2012,32
931,Brazil,2021,38
932,Brazil,2020,38
933,Brazil,2019,35
934,Brazil,2018,35
935,Brazil,2017,37
936,Brazil,2016,40
937,Brazil,2015,38
938,Brazil,2014,43
939,Brazil,2013,42
940,Brazil,2012,43
941,Ethiopia,2021,39
942,Ethiopia,2020,38
943,Ethiopia,2019,37
944,Ethiopia,2018,34
945,Ethiopia,2017,35
946,Ethiopia,2016,34
947,Ethiopia,2015,33
948,Ethiopia,2014,33
949,Ethiopia,2013,33
950,Ethiopia,2012,33
951,Kazakhstan,2021,37
952,Kazakhstan,2020,38
953,Kazakhstan,2019,34
954,Kazakhstan,2018,31
955,Kazakhstan,2017,31
956,Kazakhstan,2016,29
957,Kazakhstan,2015,28
958,Kazakhstan,2014,29
959,Kazakhstan,2013,26
960,Kazakhstan,2012,28
961,Peru,2021,36
962,Peru,2020,38
963,Peru,2019,36
964,Peru,2018,35
965,Peru,2017,37
966,Peru,2016,35
967,Peru,2015,36
968,Peru,2014,38
969,Peru,2013,38
970,Peru,2012,38
971,Serbia,2021,38
972,Serbia,2020,38
973,Serbia,2019,39
974,Serbia,2018,39
975,Serbia,2017,41
976,Serbia,2016,42
977,Serbia,2015,40
978,Serbia,2014,41
979,Serbia,2013,42
980,Serbia,2012,39
981,Sri Lanka,2021,37
982,Sri Lanka,2020,38
983,Sri Lanka,2019,38
984,Sri Lanka,2018,38
985,Sri Lanka,2017,38
986,Sri Lanka,2016,36
987,Sri Lanka,2015,37
988,Sri Lanka,2014,38
989,Sri Lanka,2013,37
990,Sri Lanka,2012,40
991,Suriname,2021,39
992,Suriname,2020,38
993,Suriname,2019,44
994,Suriname,2018,43
995,Suriname,2017,41
996,Suriname,2016,45
997,Suriname,2015,36
998,Suriname,2014,36
999,Suriname,2013,36
1000,Suriname,2012,37
1001,Tanzania,2021,39
1002,Tanzania,2020,38
1003,Tanzania,2019,37
1004,Tanzania,2018,36
1005,Tanzania,2017,36
1006,Tanzania,2016,32
1007,Tanzania,2015,30
1008,Tanzania,2014,31
1009,Tanzania,2013,33
1010,Tanzania,2012,35
1011,Gambia,2021,37
1012,Gambia,2020,37
1013,Gambia,2019,37
1014,Gambia,2018,37
1015,Gambia,2017,30
1016,Gambia,2016,26
1017,Gambia,2015,28
1018,Gambia,2014,29
1019,Gambia,2013,28
1020,Gambia,2012,34
1021,Indonesia,2021,38
1022,Indonesia,2020,37
1023,Indonesia,2019,40
1024,Indonesia,2018,38
1025,Indonesia,2017,37
1026,Indonesia,2016,37
1027,Indonesia,2015,36
1028,Indonesia,2014,34
1029,Indonesia,2013,32
1030,Indonesia,2012,32
1031,Albania,2021,35
1032,Albania,2020,36
1033,Albania,2019,35
1034,Albania,2018,36
1035,Albania,2017,38
1036,Albania,2016,39
1037,Albania,2015,36
1038,Albania,2014,33
1039,Albania,2013,31
1040,Albania,2012,33
1041,Algeria,2021,33
1042,Algeria,2020,36
1043,Algeria,2019,35
1044,Algeria,2018,35
1045,Algeria,2017,33
1046,Algeria,2016,34
1047,Algeria,2015,36
1048,Algeria,2014,36
1049,Algeria,2013,36
1050,Algeria,2012,34
1051,Ivory Coast,2021,36
1052,Ivory Coast,2020,36
1053,Ivory Coast,2019,35
1054,Ivory Coast,2018,35
1055,Ivory Coast,2017,36
1056,Ivory Coast,2016,34
1057,Ivory Coast,2015,32
1058,Ivory Coast,2014,32
1059,Ivory Coast,2013,27
1060,Ivory Coast,2012,29
1061,El Salvador,2021,34
1062,El Salvador,2020,36
1063,El Salvador,2019,34
1064,El Salvador,2018,35
1065,El Salvador,2017,33
1066,El Salvador,2016,36
1067,El Salvador,2015,39
1068,El Salvador,2014,39
1069,El Salvador,2013,38
1070,El Salvador,2012,38
1071,Kosovo,2021,39
1072,Kosovo,2020,36
1073,Kosovo,2019,36
1074,Kosovo,2018,37
1075,Kosovo,2017,39
1076,Kosovo,2016,36
1077,Kosovo,2015,33
1078,Kosovo,2014,33
1079,Kosovo,2013,33
1080,Kosovo,2012,34
1081,Thailand,2021,35
1082,Thailand,2020,36
1083,Thailand,2019,36
1084,Thailand,2018,36
1085,Thailand,2017,37
1086,Thailand,2016,35
1087,Thailand,2015,38
1088,Thailand,2014,38
1089,Thailand,2013,35
1090,Thailand,2012,37
1091,Vietnam,2021,39
1092,Vietnam,2020,36
1093,Vietnam,2019,37
1094,Vietnam,2018,33
1095,Vietnam,2017,35
1096,Vietnam,2016,33
1097,Vietnam,2015,31
1098,Vietnam,2014,31
1099,Vietnam,2013,31
1100,Vietnam,2012,31
1101,Bosnia and Herzegovina,2021,35
1102,Bosnia and Herzegovina,2020,35
1103,Bosnia and Herzegovina,2019,36
1104,Bosnia and Herzegovina,2018,38
1105,Bosnia and Herzegovina,2017,38
1106,Bosnia and Herzegovina,2016,39
1107,Bosnia and Herzegovina,2015,38
1108,Bosnia and Herzegovina,2014,39
1109,Bosnia and Herzegovina,2013,42
1110,Bosnia and Herzegovina,2012,42
1111,Mongolia,2021,35
1112,Mongolia,2020,35
1113,Mongolia,2019,35
1114,Mongolia,2018,37
1115,Mongolia,2017,36
1116,Mongolia,2016,38
1117,Mongolia,2015,39
1118,Mongolia,2014,39
1119,Mongolia,2013,38
1120,Mongolia,2012,36
1121,North Macedonia,2021,39
1122,North Macedonia,2020,35
1123,North Macedonia,2019,35
1124,North Macedonia,2018,37
1125,North Macedonia,2017,35
1126,North Macedonia,2016,37
1127,North Macedonia,2015,42
1128,North Macedonia,2014,45
1129,North Macedonia,2013,44
1130,North Macedonia,2012,43
1131,Panama,2021,36
1132,Panama,2020,35
1133,Panama,2019,36
1134,Panama,2018,37
1135,Panama,2017,37
1136,Panama,2016,38
1137,Panama,2015,39
1138,Panama,2014,37
1139,Panama,2013,35
1140,Panama,2012,38
1141,Moldova,2021,36
1142,Moldova,2020,34
1143,Moldova,2019,32
1144,Moldova,2018,33
1145,Moldova,2017,31
1146,Moldova,2016,30
1147,Moldova,2015,33
1148,Moldova,2014,35
1149,Moldova,2013,35
1150,Moldova,2012,36
1151,Philippines,2021,33
1152,Philippines,2020,34
1153,Philippines,2019,34
1154,Philippines,2018,36
1155,Philippines,2017,34
1156,Philippines,2016,35
1157,Philippines,2015,35
1158,Philippines,2014,38
1159,Philippines,2013,36
1160,Philippines,2012,34
1161,Egypt,2021,33
1162,Egypt,2020,33
1163,Egypt,2019,35
1164,Egypt,2018,35
1165,Egypt,2017,32
1166,Egypt,2016,34
1167,Egypt,2015,36
1168,Egypt,2014,37
1169,Egypt,2013,32
1170,Egypt,2012,32
1171,Eswatini,2021,32
1172,Eswatini,2020,33
1173,Eswatini,2019,34
1174,Eswatini,2018,38
1175,Eswatini,2017,39
1176,Eswatini,2016,37
1177,Eswatini,2015,37
1178,Eswatini,2014,43
1179,Eswatini,2013,39
1180,Eswatini,2012,37
1181,Nepal,2021,33
1182,Nepal,2020,33
1183,Nepal,2019,34
1184,Nepal,2018,31
1185,Nepal,2017,31
1186,Nepal,2016,29
1187,Nepal,2015,27
1188,Nepal,2014,29
1189,Nepal,2013,31
1190,Nepal,2012,27
1191,Sierra Leone,2021,34
1192,Sierra Leone,2020,33
1193,Sierra Leone,2019,33
1194,Sierra Leone,2018,30
1195,Sierra Leone,2017,30
1196,Sierra Leone,2016,30
1197,Sierra Leone,2015,29
1198,Sierra Leone,2014,31
1199,Sierra Leone,2013,30
1200,Sierra Leone,2012,31
1201,Ukraine,2021,32
1202,Ukraine,2020,33
1203,Ukraine,2019,30
1204,Ukraine,2018,32
1205,Ukraine,2017,30
1206,Ukraine,2016,29
1207,Ukraine,2015,27
1208,Ukraine,2014,26
1209,Ukraine,2013,25
1210,Ukraine,2012,26
1211,Zambia,2021,33
1212,Zambia,2020,33
1213,Zambia,2019,34
1214,Zambia,2018,35
1215,Zambia,2017,37
1216,Zambia,2016,38
1217,Zambia,2015,38
1218,Zambia,2014,38
1219,Zambia,2013,38
1220,Zambia,2012,37
1221,Niger,2021,31
1222,Niger,2020,32
1223,Niger,2019,32
1224,Niger,2018,34
1225,Niger,2017,33
1226,Niger,2016,35
1227,Niger,2015,34
1228,Niger,2014,35
1229,Niger,2013,34
1230,Niger,2012,33
1231,Bolivia,2021,30
1232,Bolivia,2020,31
1233,Bolivia,2019,31
1234,Bolivia,2018,29
1235,Bolivia,2017,33
1236,Bolivia,2016,33
1237,Bolivia,2015,34
1238,Bolivia,2014,35
1239,Bolivia,2013,34
1240,Bolivia,2012,34
1241,Kenya,2021,30
1242,Kenya,2020,31
1243,Kenya,2019,28
1244,Kenya,2018,27
1245,Kenya,2017,28
1246,Kenya,2016,26
1247,Kenya,2015,25
1248,Kenya,2014,25
1249,Kenya,2013,27
1250,Kenya,2012,27
1251,Kyrgyzstan,2021,27
1252,Kyrgyzstan,2020,31
1253,Kyrgyzstan,2019,30
1254,Kyrgyzstan,2018,29
1255,Kyrgyzstan,2017,29
1256,Kyrgyzstan,2016,28
1257,Kyrgyzstan,2015,28
1258,Kyrgyzstan,2014,27
1259,Kyrgyzstan,2013,24
1260,Kyrgyzstan,2012,24
1261,Mexico,2021,31
1262,Mexico,2020,31
1263,Mexico,2019,29
1264,Mexico,2018,28
1265,Mexico,2017,29
1266,Mexico,2016,30
1267,Mexico,2015,35
1268,Mexico,2014,35
1269,Mexico,2013,34
1270,Mexico,2012,34
1271,Pakistan,2021,28
1272,Pakistan,2020,31
1273,Pakistan,2019,32
1274,Pakistan,2018,33
1275,Pakistan,2017,32
1276,Pakistan,2016,32
1277,Pakistan,2015,30
1278,Pakistan,2014,29
1279,Pakistan,2013,28
1280,Pakistan,2012,27
1281,Azerbaijan,2021,30
1282,Azerbaijan,2020,30
1283,Azerbaijan,2019,30
1284,Azerbaijan,2018,25
1285,Azerbaijan,2017,31
1286,Azerbaijan,2016,30
1287,Azerbaijan,2015,29
1288,Azerbaijan,2014,29
1289,Azerbaijan,2013,28
1290,Azerbaijan,2012,27
1291,Gabon,2021,31
1292,Gabon,2020,30
1293,Gabon,2019,31
1294,Gabon,2018,31
1295,Gabon,2017,32
1296,Gabon,2016,35
1297,Gabon,2015,34
1298,Gabon,2014,37
1299,Gabon,2013,34
1300,Gabon,2012,35
1301,Malawi,2021,35
1302,Malawi,2020,30
1303,Malawi,2019,31
1304,Malawi,2018,32
1305,Malawi,2017,31
1306,Malawi,2016,31
1307,Malawi,2015,31
1308,Malawi,2014,33
1309,Malawi,2013,37
1310,Malawi,2012,37
1311,Mali,2021,29
1312,Mali,2020,30
1313,Mali,2019,29
1314,Mali,2018,32
1315,Mali,2017,31
1316,Mali,2016,32
1317,Mali,2015,35
1318,Mali,2014,32
1319,Mali,2013,28
1320,Mali,2012,34
1321,Russia,2021,29
1322,Russia,2020,30
1323,Russia,2019,28
1324,Russia,2018,28
1325,Russia,2017,29
1326,Russia,2016,29
1327,Russia,2015,29
1328,Russia,2014,27
1329,Russia,2013,28
1330,Russia,2012,28
1331,Laos,2021,30
1332,Laos,2020,29
1333,Laos,2019,29
1334,Laos,2018,29
1335,Laos,2017,29
1336,Laos,2016,30
1337,Laos,2015,25
1338,Laos,2014,25
1339,Laos,2013,26
1340,Laos,2012,21
1341,Mauritania,2021,28
1342,Mauritania,2020,29
1343,Mauritania,2019,28
1344,Mauritania,2018,27
1345,Mauritania,2017,28
1346,Mauritania,2016,27
1347,Mauritania,2015,31
1348,Mauritania,2014,30
1349,Mauritania,2013,30
1350,Mauritania,2012,31
1351,Togo,2021,30
1352,Togo,2020,29
1353,Togo,2019,29
1354,Togo,2018,30
1355,Togo,2017,32
1356,Togo,2016,32
1357,Togo,2015,32
1358,Togo,2014,29
1359,Togo,2013,29
1360,Togo,2012,30
1361,Dominican Republic,2021,30
1362,Dominican Republic,2020,28
1363,Dominican Republic,2019,28
1364,Dominican Republic,2018,30
1365,Dominican Republic,2017,29
1366,Dominican Republic,2016,31
1367,Dominican Republic,2015,33
1368,Dominican Republic,2014,32
1369,Dominican Republic,2013,29
1370,Dominican Republic,2012,32
1371,Liberia,2021,29
1372,Liberia,2020,28
1373,Liberia,2019,28
1374,Liberia,2018,32
1375,Liberia,2017,31
1376,Liberia,2016,37
1377,Liberia,2015,37
1378,Liberia,2014,37
1379,Liberia,2013,38
1380,Liberia,2012,41
1381,Myanmar,2021,28
1382,Myanmar,2020,28
1383,Myanmar,2019,29
1384,Myanmar,2018,29
1385,Myanmar,2017,30
1386,Myanmar,2016,28
1387,Myanmar,2015,22
1388,Myanmar,2014,21
1389,Myanmar,2013,21
1390,Myanmar,2012,15
1391,Paraguay,2021,30
1392,Paraguay,2020,28
1393,Paraguay,2019,28
1394,Paraguay,2018,29
1395,Paraguay,2017,29
1396,Paraguay,2016,30
1397,Paraguay,2015,27
1398,Paraguay,2014,24
1399,Paraguay,2013,24
1400,Paraguay,2012,25
1401,Angola,2021,29
1402,Angola,2020,27
1403,Angola,2019,26
1404,Angola,2018,19
1405,Angola,2017,19
1406,Angola,2016,18
1407,Angola,2015,15
1408,Angola,2014,19
1409,Angola,2013,23
1410,Angola,2012,22
1411,Djibouti,2021,30
1412,Djibouti,2020,27
1413,Djibouti,2019,30
1414,Djibouti,2018,31
1415,Djibouti,2017,31
1416,Djibouti,2016,30
1417,Djibouti,2015,34
1418,Djibouti,2014,34
1419,Djibouti,2013,36
1420,Djibouti,2012,36
1421,Papua New Guinea,2021,31
1422,Papua New Guinea,2020,27
1423,Papua New Guinea,2019,28
1424,Papua New Guinea,2018,28
1425,Papua New Guinea,2017,29
1426,Papua New Guinea,2016,28
1427,Papua New Guinea,2015,25
1428,Papua New Guinea,2014,25
1429,Papua New Guinea,2013,25
1430,Papua New Guinea,2012,25
1431,Uzbekistan,2021,28
1432,Uzbekistan,2020,26
1433,Uzbekistan,2019,25
1434,Uzbekistan,2018,23
1435,Uzbekistan,2017,22
1436,Uzbekistan,2016,21
1437,Uzbekistan,2015,19
1438,Uzbekistan,2014,18
1439,Uzbekistan,2013,17
1440,Uzbekistan,2012,17
1441,Uganda,2021,27
1442,Uganda,2020,27
1443,Uganda,2019,28
1444,Uganda,2018,26
1445,Uganda,2017,26
1446,Uganda,2016,25
1447,Uganda,2015,25
1448,Uganda,2014,26
1449,Uganda,2013,26
1450,Uganda,2012,29
1451,Cameroon,2021,27
1452,Cameroon,2020,25
1453,Cameroon,2019,25
1454,Cameroon,2018,25
1455,Cameroon,2017,25
1456,Cameroon,2016,26
1457,Cameroon,2015,27
1458,Cameroon,2014,27
1459,Cameroon,2013,25
1460,Cameroon,2012,26
1461,Bangladesh,2021,26
1462,Bangladesh,2020,26
1463,Bangladesh,2019,26
1464,Bangladesh,2018,26
1465,Bangladesh,2017,28
1466,Bangladesh,2016,26
1467,Bangladesh,2015,25
1468,Bangladesh,2014,25
1469,Bangladesh,2013,27
1470,Bangladesh,2012,26
1471,Madagascar,2021,26
1472,Madagascar,2020,25
1473,Madagascar,2019,24
1474,Madagascar,2018,25
1475,Madagascar,2017,24
1476,Madagascar,2016,26
1477,Madagascar,2015,28
1478,Madagascar,2014,28
1479,Madagascar,2013,28
1480,Madagascar,2012,32
1481,Mozambique,2021,26
1482,Mozambique,2020,25
1483,Mozambique,2019,26
1484,Mozambique,2018,23
1485,Mozambique,2017,25
1486,Mozambique,2016,27
1487,Mozambique,2015,31
1488,Mozambique,2014,31
1489,Mozambique,2013,30
1490,Mozambique,2012,31
1491,Guinea,2021,25
1492,Guinea,2020,28
1493,Guinea,2019,29
1494,Guinea,2018,28
1495,Guinea,2017,27
1496,Guinea,2016,27
1497,Guinea,2015,25
1498,Guinea,2014,25
1499,Guinea,2013,24
1500,Guinea,2012,24
1501,Guatemala,2021,25
1502,Guatemala,2020,25
1503,Guatemala,2019,26
1504,Guatemala,2018,27
1505,Guatemala,2017,28
1506,Guatemala,2016,28
1507,Guatemala,2015,28
1508,Guatemala,2014,32
1509,Guatemala,2013,29
1510,Guatemala,2012,33
1511,Iran,2021,25
1512,Iran,2020,25
1513,Iran,2019,26
1514,Iran,2018,28
1515,Iran,2017,30
1516,Iran,2016,29
1517,Iran,2015,27
1518,Iran,2014,27
1519,Iran,2013,25
1520,Iran,2012,28
1521,Tajikistan,2021,25
1522,Tajikistan,2020,25
1523,Tajikistan,2019,25
1524,Tajikistan,2018,25
1525,Tajikistan,2017,21
1526,Tajikistan,2016,25
1527,Tajikistan,2015,26
1528,Tajikistan,2014,23
1529,Tajikistan,2013,22
1530,Tajikistan,2012,22
1531,Central African Republic,2021,24
1532,Central African Republic,2020,26
1533,Central African Republic,2019,25
1534,Central African Republic,2018,26
1535,Central African Republic,2017,23
1536,Central African Republic,2016,20
1537,Central African Republic,2015,24
1538,Central African Republic,2014,24
1539,Central African Republic,2013,25
1540,Central African Republic,2012,26
1541,Lebanon,2021,24
1542,Lebanon,2020,25
1543,Lebanon,2019,28
1544,Lebanon,2018,28
1545,Lebanon,2017,28
1546,Lebanon,2016,28
1547,Lebanon,2015,28
1548,Lebanon,2014,27
1549,Lebanon,2013,28
1550,Lebanon,2012,30
1551,Nigeria,2021,24
1552,Nigeria,2020,25
1553,Nigeria,2019,26
1554,Nigeria,2018,27
1555,Nigeria,2017,27
1556,Nigeria,2016,28
1557,Nigeria,2015,26
1558,Nigeria,2014,27
1559,Nigeria,2013,25
1560,Nigeria,2012,27
1561,Honduras,2021,23
1562,Honduras,2020,24
1563,Honduras,2019,26
1564,Honduras,2018,29
1565,Honduras,2017,29
1566,Honduras,2016,30
1567,Honduras,2015,31
1568,Honduras,2014,29
1569,Honduras,2013,26
1570,Honduras,2012,28
1571,Iraq,2021,23
1572,Iraq,2020,21
1573,Iraq,2019,20
1574,Iraq,2018,18
1575,Iraq,2017,18
1576,Iraq,2016,17
1577,Iraq,2015,16
1578,Iraq,2014,16
1579,Iraq,2013,16
1580,Iraq,2012,18
1581,Cambodia,2021,23
1582,Cambodia,2020,21
1583,Cambodia,2019,20
1584,Cambodia,2018,20
1585,Cambodia,2017,21
1586,Cambodia,2016,21
1587,Cambodia,2015,21
1588,Cambodia,2014,21
1589,Cambodia,2013,20
1590,Cambodia,2012,22
1591,Zimbabwe,2021,23
1592,Zimbabwe,2020,24
1593,Zimbabwe,2019,24
1594,Zimbabwe,2018,22
1595,Zimbabwe,2017,22
1596,Zimbabwe,2016,22
1597,Zimbabwe,2015,21
1598,Zimbabwe,2014,21
1599,Zimbabwe,2013,21
1600,Zimbabwe,2012,20
1601,Eritrea,2021,22
1602,Eritrea,2020,21
1603,Eritrea,2019,23
1604,Eritrea,2018,24
1605,Eritrea,2017,20
1606,Eritrea,2016,18
1607,Eritrea,2015,18
1608,Eritrea,2014,18
1609,Eritrea,2013,20
1610,Eritrea,2012,25
1611,Republic of the Congo,2021,21
1612,Republic of the Congo,2020,19
1613,Republic of the Congo,2019,19
1614,Republic of the Congo,2018,19
1615,Republic of the Congo,2017,21
1616,Republic of the Congo,2016,20
1617,Republic of the Congo,2015,23
1618,Republic of the Congo,2014,23
1619,Republic of the Congo,2013,22
1620,Republic of the Congo,2012,26
1621,Guinea-Bissau,2021,21
1622,Guinea-Bissau,2020,19
1623,Guinea-Bissau,2019,18
1624,Guinea-Bissau,2018,28
1625,Guinea-Bissau,2017,27
1626,Guinea-Bissau,2016,16
1627,Guinea-Bissau,2015,17
1628,Guinea-Bissau,2014,19
1629,Guinea-Bissau,2013,19
1630,Guinea-Bissau,2012,25
1631,Comoros,2021,20
1632,Comoros,2020,21
1633,Comoros,2019,25
1634,Comoros,2018,27
1635,Comoros,2017,27
1636,Comoros,2016,24
1637,Comoros,2015,26
1638,Comoros,2014,26
1639,Comoros,2013,28
1640,Comoros,2012,28
1641,Haiti,2021,20
1642,Haiti,2020,18
1643,Haiti,2019,18
1644,Haiti,2018,20
1645,Haiti,2017,22
1646,Haiti,2016,20
1647,Haiti,2015,17
1648,Haiti,2014,19
1649,Haiti,2013,19
1650,Haiti,2012,19
1651,Nicaragua,2021,20
1652,Nicaragua,2020,22
1653,Nicaragua,2019,22
1654,Nicaragua,2018,25
1655,Nicaragua,2017,26
1656,Nicaragua,2016,26
1657,Nicaragua,2015,27
1658,Nicaragua,2014,28
1659,Nicaragua,2013,28
1660,Nicaragua,2012,29
1661,Sudan,2021,20
1662,Sudan,2020,16
1663,Sudan,2019,16
1664,Sudan,2018,16
1665,Sudan,2017,16
1666,Sudan,2016,14
1667,Sudan,2015,12
1668,Sudan,2014,11
1669,Sudan,2013,11
1670,Sudan,2012,13
1671,Chad,2021,20
1672,Chad,2020,21
1673,Chad,2019,20
1674,Chad,2018,19
1675,Chad,2017,20
1676,Chad,2016,20
1677,Chad,2015,22
1678,Chad,2014,22
1679,Chad,2013,19
1680,Chad,2012,19
1681,Burundi,2021,19
1682,Burundi,2020,19
1683,Burundi,2019,19
1684,Burundi,2018,17
1685,Burundi,2017,22
1686,Burundi,2016,20
1687,Burundi,2015,21
1688,Burundi,2014,20
1689,Burundi,2013,21
1690,Burundi,2012,19
1691,Democratic Republic of the Congo,2021,21
1692,Democratic Republic of the Congo,2020,18
1693,Democratic Republic of the Congo,2019,18
1694,Democratic Republic of the Congo,2018,19
1695,Democratic Republic of the Congo,2017,21
1696,Democratic Republic of the Congo,2016,21
1697,Democratic Republic of the Congo,2015,22
1698,Democratic Republic of the Congo,2014,22
1699,Democratic Republic of the Congo,2013,22
1700,Democratic Republic of the Congo,2012,21
1701,Turkmenistan,2021,19
1702,Turkmenistan,2020,19
1703,Turkmenistan,2019,19
1704,Turkmenistan,2018,20
1705,Turkmenistan,2017,19
1706,Turkmenistan,2016,22
1707,Turkmenistan,2015,18
1708,Turkmenistan,2014,17
1709,Turkmenistan,2013,17
1710,Turkmenistan,2012,17
1711,Equatorial Guinea,2021,17
1712,Equatorial Guinea,2020,16
1713,Equatorial Guinea,2019,16
1714,Equatorial Guinea,2018,16
1715,Equatorial Guinea,2017,17
1716,Equatorial Guinea,2016,17
1717,Equatorial Guinea,2015,17
1718,Equatorial Guinea,2014,17
1719,Equatorial Guinea,2013,19
1720,Equatorial Guinea,2012,20
1721,Libya,2021,17
1722,Libya,2020,17
1723,Libya,2019,18
1724,Libya,2018,17
1725,Libya,2017,17
1726,Libya,2016,14
1727,Libya,2015,16
1728,Libya,2014,18
1729,Libya,2013,15
1730,Libya,2012,21
1731,Afghanistan,2021,16
1732,Afghanistan,2020,19
1733,Afghanistan,2019,16
1734,Afghanistan,2018,16
1735,Afghanistan,2017,15
1736,Afghanistan,2016,15
1737,Afghanistan,2015,11
1738,Afghanistan,2014,12
1739,Afghanistan,2013,8
1740,Afghanistan,2012,8
1741,North Korea,2021,16
1742,North Korea,2020,18
1743,North Korea,2019,17
1744,North Korea,2018,14
1745,North Korea,2017,17
1746,North Korea,2016,8
1747,North Korea,2015,8
1748,North Korea,2014,8
1749,North Korea,2013,8
1750,North Korea,2012,8
1751,Yemen,2021,16
1752,Yemen,2020,15
1753,Yemen,2019,15
1754,Yemen,2018,14
1755,Yemen,2017,16
1756,Yemen,2016,14
1757,Yemen,2015,18
1758,Yemen,2014,19
1759,Yemen,2013,18
1760,Yemen,2012,23
1761,Venezuela,2021,14
1762,Venezuela,2020,15
1763,Venezuela,2019,16
1764,Venezuela,2018,18
1765,Venezuela,2017,18
1766,Venezuela,2016,17
1767,Venezuela,2015,17
1768,Venezuela,2014,19
1769,Venezuela,2013,20
1770,Venezuela,2012,19
1771,Somalia,2021,13
1772,Somalia,2020,12
1773,Somalia,2019,9
1774,Somalia,2018,10
1775,Somalia,2017,9
1776,Somalia,2016,10
1777,Somalia,2015,8
1778,Somalia,2014,8
1779,Somalia,2013,8
1780,Somalia,2012,8
1781,Syria,2021,13
1782,Syria,2020,14
1783,Syria,2019,13
1784,Syria,2018,13
1785,Syria,2017,14
1786,Syria,2016,13
1787,Syria,2015,18
1788,Syria,2014,20
1789,Syria,2013,17
1790,Syria,2012,26
1791,South Sudan,2021,11
1792,South Sudan,2020,12
1793,South Sudan,2019,12
1794,South Sudan,2018,13
1795,South Sudan,2017,12
1796,South Sudan,2016,11
1797,South Sudan,2015,15
1798,South Sudan,2014,15
1799,South Sudan,2013,14
1800,South Sudan,2012,13
